{
  "batch_size": 16,
  "block_size": 128,
  "n_embd": 128,
  "n_head": 4,
  "n_layer": 4,
  "dropout": 0.2,
  "params_millions": 0.833635,
  "learning_rate": 0.0003,
  "dataset": {
    "path": "data/rousseau_ouvrage_pol_Vol1.txt",
    "chars": 815846,
    "millions": 0.815846
  },
  "tokenizer": {
    "name": "char",
    "stoi": {
      "<unk>": 0,
      "\n": 1,
      " ": 2,
      "!": 3,
      "\"": 4,
      "&": 5,
      "(": 6,
      ")": 7,
      "*": 8,
      ",": 9,
      "-": 10,
      ".": 11,
      "0": 12,
      "1": 13,
      "2": 14,
      "3": 15,
      "4": 16,
      "5": 17,
      "6": 18,
      "7": 19,
      "8": 20,
      "9": 21,
      ":": 22,
      ";": 23,
      "?": 24,
      "A": 25,
      "B": 26,
      "C": 27,
      "D": 28,
      "E": 29,
      "F": 30,
      "G": 31,
      "H": 32,
      "I": 33,
      "J": 34,
      "K": 35,
      "L": 36,
      "M": 37,
      "N": 38,
      "O": 39,
      "P": 40,
      "Q": 41,
      "R": 42,
      "S": 43,
      "T": 44,
      "U": 45,
      "V": 46,
      "W": 47,
      "X": 48,
      "Z": 49,
      "[": 50,
      "]": 51,
      "a": 52,
      "b": 53,
      "c": 54,
      "d": 55,
      "e": 56,
      "f": 57,
      "g": 58,
      "h": 59,
      "i": 60,
      "j": 61,
      "k": 62,
      "l": 63,
      "m": 64,
      "n": 65,
      "o": 66,
      "p": 67,
      "q": 68,
      "r": 69,
      "s": 70,
      "t": 71,
      "u": 72,
      "v": 73,
      "w": 74,
      "x": 75,
      "y": 76,
      "z": 77,
      "\u00a0": 78,
      "\u00ab": 79,
      "\u00b0": 80,
      "\u00bb": 81,
      "\u00c9": 82,
      "\u00cb": 83,
      "\u00d2": 84,
      "\u00e0": 85,
      "\u00e2": 86,
      "\u00e7": 87,
      "\u00e8": 88,
      "\u00e9": 89,
      "\u00ea": 90,
      "\u00eb": 91,
      "\u00ee": 92,
      "\u00ef": 93,
      "\u00f4": 94,
      "\u00f9": 95,
      "\u00fb": 96,
      "\u0153": 97,
      "\u2019": 98
    },
    "itos": {
      "0": "<unk>",
      "1": "\n",
      "2": " ",
      "3": "!",
      "4": "\"",
      "5": "&",
      "6": "(",
      "7": ")",
      "8": "*",
      "9": ",",
      "10": "-",
      "11": ".",
      "12": "0",
      "13": "1",
      "14": "2",
      "15": "3",
      "16": "4",
      "17": "5",
      "18": "6",
      "19": "7",
      "20": "8",
      "21": "9",
      "22": ":",
      "23": ";",
      "24": "?",
      "25": "A",
      "26": "B",
      "27": "C",
      "28": "D",
      "29": "E",
      "30": "F",
      "31": "G",
      "32": "H",
      "33": "I",
      "34": "J",
      "35": "K",
      "36": "L",
      "37": "M",
      "38": "N",
      "39": "O",
      "40": "P",
      "41": "Q",
      "42": "R",
      "43": "S",
      "44": "T",
      "45": "U",
      "46": "V",
      "47": "W",
      "48": "X",
      "49": "Z",
      "50": "[",
      "51": "]",
      "52": "a",
      "53": "b",
      "54": "c",
      "55": "d",
      "56": "e",
      "57": "f",
      "58": "g",
      "59": "h",
      "60": "i",
      "61": "j",
      "62": "k",
      "63": "l",
      "64": "m",
      "65": "n",
      "66": "o",
      "67": "p",
      "68": "q",
      "69": "r",
      "70": "s",
      "71": "t",
      "72": "u",
      "73": "v",
      "74": "w",
      "75": "x",
      "76": "y",
      "77": "z",
      "78": "\u00a0",
      "79": "\u00ab",
      "80": "\u00b0",
      "81": "\u00bb",
      "82": "\u00c9",
      "83": "\u00cb",
      "84": "\u00d2",
      "85": "\u00e0",
      "86": "\u00e2",
      "87": "\u00e7",
      "88": "\u00e8",
      "89": "\u00e9",
      "90": "\u00ea",
      "91": "\u00eb",
      "92": "\u00ee",
      "93": "\u00ef",
      "94": "\u00f4",
      "95": "\u00f9",
      "96": "\u00fb",
      "97": "\u0153",
      "98": "\u2019"
    }
  },
  "vocab_size": 99
}
